jobpost,Deadline,Title,Location,JobDescription,JobRequirment,RequiredQual,ApplicationP
"Energize Global Services CJSC
TITLE:  C Software Developer
TERM:  Full time
START DATE/ TIME:  ASAP
DURATION:  Permanent
LOCATION:  Yerevan, Armenia
JOB DESCRIPTION:  Energize Global Services is looking for experienced C
Software Developers with good knowledge of Java and/ or Python to be
engaged in different long term projects. Within a software development
team, the successful candidates will be responsible for a significant
part of the development cycle of applications: understanding of the
requirements, performing the functional analysis, the design, the
programming and testing of software solutions. The C Software Developers
will participate in the development of different software applications
for various markets. 
The successful candidates will work for 3 months in AWL Brussels for both
help and getting trained.
JOB RESPONSIBILITIES:
- Participate in software development in C;
- Write unit tests and functional tests;
- Work as part of cross functional software development team managed by
Agile Scrum methodology.
REQUIRED QUALIFICATIONS:
- University degree in Computer Sciences; Master's degree will be an
asset;
- At least 3 years of work experience in software application development
on C;
- Experience in embedded software development will be an asset;
- Good understanding of Python and/ or Java;
- Good knowledge of the life cycle of software development;
- Basic knowledge of Linux operating systems and networks;
- Experience in software development using Agile methodologies;
- Experience in one or more of the following areas is an asset: smart
cards, security, concepts, embedded systems, payment schemes;
- Ability to communicate effectively orally as well as in writing;
- Ability to travel;
- Fluency in English language.
REMUNERATION/ SALARY:  Highly competitive, depending on previous
experience and skills.
APPLICATION PROCEDURES:  If interested, please email your last updated
and detailed resume to: hr@... . Please indicate ""C
Software Developer"" in the subject line of your e-mail, otherwise your
resume will not be reviewed. 
Only short listed candidates will be invited for an interview.
Please clearly mention in your application letter that you learned of
this job opportunity through Career Center and mention the URL of its
website - www.careercenter.am, Thanks.
OPENING DATE:  19 June 2013
APPLICATION DEADLINE:  10 July 2013
ABOUT COMPANY:  Energize Global Services CJSC is a software development
company that specializes in offshore development and provides IT services
for partners all over the world.
----------------------------------
To place a free posting for job or other career-related opportunities
available in your organization, just go to the www.careercenter.am
website and follow the ""Post an Announcement"" link.",10 July 2013,C Software Developer,"Yerevan, Armenia","Energize Global Services is looking for experienced C
Software Developers with good knowledge of Java and/ or Python to be
engaged in different long term projects. Within a software development
team, the successful candidates will be responsible for a significant
part of the development cycle of applications: understanding of the
requirements, performing the functional analysis, the design, the
programming and testing of software solutions. The C Software Developers
will participate in the development of different software applications
for various markets. 
The successful candidates will work for 3 months in AWL Brussels for both
help and getting trained.","- Participate in software development in C;
- Write unit tests and functional tests;
- Work as part of cross functional software development team managed by
Agile Scrum methodology.","- University degree in Computer Sciences; Master's degree will be an
asset;
- At least 3 years of work experience in software application development
on C;
- Experience in embedded software development will be an asset;
- Good understanding of Python and/ or Java;
- Good knowledge of the life cycle of software development;
- Basic knowledge of Linux operating systems and networks;
- Experience in software development using Agile methodologies;
- Experience in one or more of the following areas is an asset: smart
cards, security, concepts, embedded systems, payment schemes;
- Ability to communicate effectively orally as well as in writing;
- Ability to travel;
- Fluency in English language.","If interested, please email your last updated
and detailed resume to: hr@... . Please indicate ""C
Software Developer"" in the subject line of your e-mail, otherwise your
resume will not be reviewed. 
Only short listed candidates will be invited for an interview.
Please clearly mention in your application letter that you learned of
this job opportunity through Career Center and mention the URL of its
website - www.careercenter.am, Thanks."
"Mentor Graphics Development Services CJSC
TITLE:  Senior Software Engineer, Deep Submicron Department
TERM:  Full time
START DATE/ TIME:  Upon hiring
DURATION:  Long term
LOCATION:  Yerevan, Armenia
JOB DESCRIPTION:  The Senior Software Engineer will take leading role in
design and implementation of advanced software products for physical
layout of ICs.
JOB RESPONSIBILITIES:  - Research, design and implement efficient
algorithmic applications for physical verification of complex ICs.
REQUIRED QUALIFICATIONS:
- MS+ in CS/ Physics/ Math or related, PhD is preferred;
- 5+ years of experience in designing and developing software products;
- Strong C++/ STL programming skills, good knowledge of OOD;
- Familiarity with design patterns;
- Knowledge of Linux;
- Ability to lead the project development; previous experience of working
on critical projects;
- Experience in software project management;
- Strong knowledge of data structures and algorithms, their
complexities;
- Familiarity with Computational Geometry, Graph Theory, Optimization
Problems, Numerical Methods and Modeling;
- Ability to write comprehensive functional/ implementation
specifications;
- Previous experience in designing efficient algorithms for IC layout
processing is highly desired;
- Knowledge and experience in Physical Design Automation, or related
domains is preferred;
- Excellent communication skills; ability to effectively interact with
cross-functional teams (R&D, Application, Marketing);
- Excellent knowledge of English (both verbal and written);
- Fast learning skills;
- Formal training or test certification is a plus;
- Other achievements  participation/ winning in math and programming
Olympiads/ competitions is a big plus;
- It is preferred that the candidates fulfilled military obligation or
educational waivers of military obligation.
REMUNERATION/ SALARY:  Competitive salary, good benefits, including
medical insurance, loan program and stock options.
APPLICATION PROCEDURES:  Please submit your CV through:http://amyhrs.mentor.com
Please clearly mention in your application letter that you learned of
this job opportunity through Career Center and mention the URL of its
website - www.careercenter.am, Thanks.
OPENING DATE:  18 January 2011
APPLICATION DEADLINE:  17 February 2011
ABOUT COMPANY:  Mentor Graphics Development Services CJSC is a subsidiary
of Mentor Graphics Corporation, USA, a provider of electronic design
automation (EDA) software.
----------------------------------
To place a free posting for job or other career-related opportunities
available in your organization, just go to the www.careercenter.am
website and follow the ""Post an Announcement"" link.",17 February 2011,"Senior Software Engineer, Deep Submicron Department","Yerevan, Armenia","The Senior Software Engineer will take leading role in
design and implementation of advanced software products for physical
layout of ICs.","- Research, design and implement efficient
algorithmic applications for physical verification of complex ICs.","- MS+ in CS/ Physics/ Math or related, PhD is preferred;
- 5+ years of experience in designing and developing software products;
- Strong C++/ STL programming skills, good knowledge of OOD;
- Familiarity with design patterns;
- Knowledge of Linux;
- Ability to lead the project development; previous experience of working
on critical projects;
- Experience in software project management;
- Strong knowledge of data structures and algorithms, their
complexities;
- Familiarity with Computational Geometry, Graph Theory, Optimization
Problems, Numerical Methods and Modeling;
- Ability to write comprehensive functional/ implementation
specifications;
- Previous experience in designing efficient algorithms for IC layout
processing is highly desired;
- Knowledge and experience in Physical Design Automation, or related
domains is preferred;
- Excellent communication skills; ability to effectively interact with
cross-functional teams (R&D, Application, Marketing);
- Excellent knowledge of English (both verbal and written);
- Fast learning skills;
- Formal training or test certification is a plus;
- Other achievements  participation/ winning in math and programming
Olympiads/ competitions is a big plus;
- It is preferred that the candidates fulfilled military obligation or
educational waivers of military obligation.","Please submit your CV through:http://amyhrs.mentor.com
Please clearly mention in your application letter that you learned of
this job opportunity through Career Center and mention the URL of its
website - www.careercenter.am, Thanks."
"Instigate Mobile CJSC
TITLE:  Senior QA Engineer
TERM:  Night shift
DURATION:  Contractual depending on the project specifics. There can be
mid term involvement (1-2 months) or long term (more than 2 months).
LOCATION:  Yerevan, Armenia
JOB DESCRIPTION:  Instigate Mobile CJSC is looking for a Senior QA
Engineer to work with shifted 8 hours per day schedule to be available
during evening/ night time, where availability from 8 pm to 1 am is
mandatory. The incumbent may have to work in the company's regional
branches.
JOB RESPONSIBILITIES:
- Create high quality system tests and run them (functionality,
performance, load, scalability, reliability, security, etc.);
- Measure performance of the system under conditions of varying user load
and stress;
- Prepare reports on found issues and analysis results;
- Develop automated test-suites as required;
- Report bugs, defects and other issues, and make recommendations around
them;
- Drive the project, organize a project plan and tracking activities such
as daily standups, sprint planning sessions, and other activities;
- Participate in teleconferences organized with customers, drive
discussions and troubleshooting;
- Mentor team members and also provide remote support;
- Travel to RA and US as required by project scope/ schedule;
- Participate in process organization, monitoring and improvements in the
company.
REQUIRED QUALIFICATIONS:
- More than 4 years of work experience in software testing and
development;
- More than 2 years of work experience with software testing;
- More than 1 year of work experience as a team leader/ manager;
- Excellent communication and English language skills;
- Work experience in GNU/ Linux environment;
- Work experience with testing automation frameworks (Squish, Selenium,
MonkeyTalk, JUnit, etc.);
- Good understanding of full software product development cycle and
testing activities;
- Good scripting knowledge;
- Basic knowledge of web (front-end and back-end) technologies;
- Participation in Instigate Training Center program is a plus;
- Experience with performance testing tools (JMeter, Tsung) is a plus;
- Proven ability to work under stress in emergencies, with the
flexibility to handle multiple high-pressure situations simultaneously;
- Ability to work well under minimal supervision;
- Ability to quickly learn new technologies and spheres.
REMUNERATION/ SALARY:  AMD 800,000 and higher, correlated with experience
and skills.
APPLICATION PROCEDURES:  Interested candidates should send their resumes
in English language, in PDF format to: training@... .
Please clearly mention in your application letter that you learned of
this job opportunity through Career Center and mention the URL of its
website - www.careercenter.am, Thanks.
OPENING DATE:  26 November 2014
APPLICATION DEADLINE:  25 December 2014
ABOUT COMPANY:  Instigate Mobile is a spin off from Armenian based
company Instigate CJSC, focusing on software services and solutions for
mobile and web technologies.
----------------------------------
To place a free posting for job or other career-related opportunities
available in your organization, just go to the www.careercenter.am
website and follow the ""Post an Announcement"" link.",25 December 2014,Senior QA Engineer,"Yerevan, Armenia","Instigate Mobile CJSC is looking for a Senior QA
Engineer to work with shifted 8 hours per day schedule to be available
during evening/ night time, where availability from 8 pm to 1 am is
mandatory. The incumbent may have to work in the company's regional
branches.","- Create high quality system tests and run them (functionality,
performance, load, scalability, reliability, security, etc.);
- Measure performance of the system under conditions of varying user load
and stress;
- Prepare reports on found issues and analysis results;
- Develop automated test-suites as required;
- Report bugs, defects and other issues, and make recommendations around
them;
- Drive the project, organize a project plan and tracking activities such
as daily standups, sprint planning sessions, and other activities;
- Participate in teleconferences organized with customers, drive
discussions and troubleshooting;
- Mentor team members and also provide remote support;
- Travel to RA and US as required by project scope/ schedule;
- Participate in process organization, monitoring and improvements in the
company.","- More than 4 years of work experience in software testing and
development;
- More than 2 years of work experience with software testing;
- More than 1 year of work experience as a team leader/ manager;
- Excellent communication and English language skills;
- Work experience in GNU/ Linux environment;
- Work experience with testing automation frameworks (Squish, Selenium,
MonkeyTalk, JUnit, etc.);
- Good understanding of full software product development cycle and
testing activities;
- Good scripting knowledge;
- Basic knowledge of web (front-end and back-end) technologies;
- Participation in Instigate Training Center program is a plus;
- Experience with performance testing tools (JMeter, Tsung) is a plus;
- Proven ability to work under stress in emergencies, with the
flexibility to handle multiple high-pressure situations simultaneously;
- Ability to work well under minimal supervision;
- Ability to quickly learn new technologies and spheres.","Interested candidates should send their resumes
in English language, in PDF format to: training@... .
Please clearly mention in your application letter that you learned of
this job opportunity through Career Center and mention the URL of its
website - www.careercenter.am, Thanks."
"Fund for Rural Economic Development in Armenia
TITLE:  Investment Officer
TERM:  Permanent
LOCATION:  Yerevan, Armenia
JOB DESCRIPTION:  Fund for Rural Economic Development in Armenia (FREDA)
is looking for motivated, self-driven professionals to join FREDAs
Investment team. Investment officer will be involved in all stages of
equity investment process starting from Due Diligence and Company
valuation to Project monitoring.
JOB RESPONSIBILITIES:
- Introduce FREDAs products to potential clients;
- Provide necessary consultancy to applicants;
- Receive and review applications and documentation;
- Conduct site visits and check information on site;
- Conduct industry and company analyses; 
- Elaborate financial models for company valuation and synergy analysis;
- Prepare Due Diligence and Valuation reports;
- Prepare Investment Plans for Project Companies;
- Prepare documents related to the deal; 
- Maintain client/ deal/ target databases;
- Participate in Project monitoring and prepare monitoring reports.
REQUIRED QUALIFICATIONS:
- Bachelor's degree in Finance, Accounting, Business Administration or
Economics; 
- Master's level preferred; MBA is a plus;
- At least 5 year of experience in crediting/ risk management/
controlling/ reporting and audit;
- Work experience with loans exceeding 50 mln AMD is a plus;
- Knowledge of agriculture and food processing industry is a plus;
- Strong team-player with excellent verbal and written communication
skills, presentation and public speaking skills;
- Well organized personality;
- Commitment to continuous improvement and professional development;
- Advanced knowledge of MS Office, Spreadsheet modeling and Power Point
presentation skills;
- Problem solving skills, ability to quick orientate and work under
pressure;
- Positive personality with strong interpersonal skills;
- Excellent oral and written knowledge of Armenian, English and Russian
languages.
REMUNERATION/ SALARY:  Competitive
APPLICATION PROCEDURES:  To apply for this position, please submit Cover
Letter with CV addressing relevant qualifications, experience and contact
information for professional references to the following e-mail address:hr@... .
Please clearly mention in your application letter that you learned of
this job opportunity through Career Center and mention the URL of its
website - www.careercenter.am, Thanks.
OPENING DATE:  11 January 2012
APPLICATION DEADLINE:  10 February 2012
ABOUT COMPANY:  The Fund for Rural Economic Development in Armenia
(FREDA) is an investment fund, created in 2009 as a result of cooperation
between IFAD and the Government of the Republic of Armenia. The overall
objective of FREDA is to alleviate poverty through the economic
development of rural areas in Armenia. For more information please visit:
www.freda.am.
----------------------------------
To place a free posting for job or other career-related opportunities
available in your organization, just go to the www.careercenter.am
website and follow the ""Post an Announcement"" link.",10 February 2012,Investment Officer,"Yerevan, Armenia","Fund for Rural Economic Development in Armenia (FREDA)
is looking for motivated, self-driven professionals to join FREDAs
Investment team. Investment officer will be involved in all stages of
equity investment process starting from Due Diligence and Company
valuation to Project monitoring.","- Introduce FREDAs products to potential clients;
- Provide necessary consultancy to applicants;
- Receive and review applications and documentation;
- Conduct site visits and check information on site;
- Conduct industry and company analyses; 
- Elaborate financial models for company valuation and synergy analysis;
- Prepare Due Diligence and Valuation reports;
- Prepare Investment Plans for Project Companies;
- Prepare documents related to the deal; 
- Maintain client/ deal/ target databases;
- Participate in Project monitoring and prepare monitoring reports.","- Bachelor's degree in Finance, Accounting, Business Administration or
Economics; 
- Master's level preferred; MBA is a plus;
- At least 5 year of experience in crediting/ risk management/
controlling/ reporting and audit;
- Work experience with loans exceeding 50 mln AMD is a plus;
- Knowledge of agriculture and food processing industry is a plus;
- Strong team-player with excellent verbal and written communication
skills, presentation and public speaking skills;
- Well organized personality;
- Commitment to continuous improvement and professional development;
- Advanced knowledge of MS Office, Spreadsheet modeling and Power Point
presentation skills;
- Problem solving skills, ability to quick orientate and work under
pressure;
- Positive personality with strong interpersonal skills;
- Excellent oral and written knowledge of Armenian, English and Russian
languages.","To apply for this position, please submit Cover
Letter with CV addressing relevant qualifications, experience and contact
information for professional references to the following e-mail address:hr@... .
Please clearly mention in your application letter that you learned of
this job opportunity through Career Center and mention the URL of its
website - www.careercenter.am, Thanks."
"Synopsys Armenia
TITLE:  Market Research Intern
START DATE/ TIME:  ASAP
LOCATION:  Yerevan, Armenia
JOB DESCRIPTION:  The Market Research Intern will acquire business
intelligence in the semiconductor and electronic design automation (EDA)
industries.
JOB RESPONSIBILITIES:
- Gather data and create accurate spreadsheets and attractive slides;
- Prepare information and metrics on a variety of public and private
companies, including financial trends;
- Collect and organize primary and secondary technology-focused data and
research from a variety of sources;
- Maintain content on the intranet.
REQUIRED QUALIFICATIONS:
- University student in final year of bachelor's degree in Marketing or
a relevant field;
- Solid written and verbal communication skills and strong business
acumen;
- Interest in research methodology and semiconductor/ EDA industries
with an inquisitive nature and innate sense of urgency to solve customer
problems;
- Knowledge of statistical methods and financial models is preferred;
- Adept in the use of advanced Excel, PowerPoint and databases (i.e.
Access) and a willingness and ability to quickly learn new tools and
software;
- Ability to be assertive and resourceful;
- Excellent knowledge of English language;
- Self-motivation with the ability to deliver results with minimal
supervision;
- Flexible, detail-oriented and well organized with an ability to work
in dynamic environment with competing priorities and deadline pressure.
REMUNERATION/ SALARY:  Competitive
APPLICATION PROCEDURES:  Please submit your detailed CV in English to:dianan@... with CC to: lilitkh@... indicating the
position in the subject line of your e-mail. Only short-listed
candidates will be contacted.
Please clearly mention in your application letter that you learned of
this internship opportunity through Career Center and mention the URL of
its website - www.careercenter.am, Thanks.
OPENING DATE:  23 September 2009
APPLICATION DEADLINE:  15 October 2009
ABOUT COMPANY:  Synopsys, Inc. is a provider of electronic design
automation (EDA) software and services. Synopsys Armenia CJSC was
established in October 2004 by Synopsys, Inc.
----------------------------------
To place a free posting for job or other career-related opportunities
available in your organization, just go to the www.careercenter.am
website and follow the ""Post an Announcement"" link.",15 October 2009,Market Research Intern,"Yerevan, Armenia","The Market Research Intern will acquire business
intelligence in the semiconductor and electronic design automation (EDA)
industries.","- Gather data and create accurate spreadsheets and attractive slides;
- Prepare information and metrics on a variety of public and private
companies, including financial trends;
- Collect and organize primary and secondary technology-focused data and
research from a variety of sources;
- Maintain content on the intranet.","- University student in final year of bachelor's degree in Marketing or
a relevant field;
- Solid written and verbal communication skills and strong business
acumen;
- Interest in research methodology and semiconductor/ EDA industries
with an inquisitive nature and innate sense of urgency to solve customer
problems;
- Knowledge of statistical methods and financial models is preferred;
- Adept in the use of advanced Excel, PowerPoint and databases (i.e.
Access) and a willingness and ability to quickly learn new tools and
software;
- Ability to be assertive and resourceful;
- Excellent knowledge of English language;
- Self-motivation with the ability to deliver results with minimal
supervision;
- Flexible, detail-oriented and well organized with an ability to work
in dynamic environment with competing priorities and deadline pressure.","Please submit your detailed CV in English to:dianan@... with CC to: lilitkh@... indicating the
position in the subject line of your e-mail. Only short-listed
candidates will be contacted.
Please clearly mention in your application letter that you learned of
this internship opportunity through Career Center and mention the URL of
its website - www.careercenter.am, Thanks."
"Orange Armenia CJSC


TITLE:  Senior Network Engineer


START DATE/ TIME:  ASAP


DURATION:  Permanent


LOCATION:  Yerevan, Armenia


JOB DESCRIPTION:  The incumbent will be responsible for the Company
network.


JOB RESPONSIBILITIES:
- Set up and configure network equipment;
- Set up and offer support for Internet, Mail, user accounts;
- Provide the Intranet and Internet Security and internetworking
solutions;
- Perform the maintenance of the network (addresses, equipment, cables,
gateways, etc.);
- Set up UNIX services according to the global network strategy;
- Provide network supervision (traffic and alarms);
- Install network equipment, both LAN and WAN;
- Report on the activity to the Team Leader.


REQUIRED QUALIFICATIONS:
- Degree in Computer Science or equivalent;
- 2 years of experience in IT domain;
- Knowledge of advanced LAN/ WAN administration (cabling, active
equipment, Internet connection, security), engineering and maintenance,
CISCO routers and switches configuration and administration,
Internetworking in TCP/ IP networks;
- Windows modeling skills;
- Programming skills (scripts);
- Strong analytical and problem-solving skills;
- Organized and creative personality;
- Excellent knowledge of the Armenian, English and Russian languages.


APPLICATION PROCEDURES:  Qualified and interested candidates are
encouraged to send a CV and motivation letter to: hr.oam@... .
Please indicate the title of position in the subject line of email. The
Company thanks all interested applicants, however only short-listed
candidates will be contacted for the interview.
Please clearly mention in your application letter that you learned of
this job opportunity through Career Center and mention the URL of its
website - www.careercenter.am, Thanks.


OPENING DATE:  07 September 2015


APPLICATION DEADLINE:  01 October 2015


----------------------------------
To place a free posting for job or other career-related opportunities
available in your organization, just go to the www.careercenter.am
website and follow the ""Post an Announcement"" link.",01 October 2015,Senior Network Engineer,"Yerevan, Armenia","The incumbent will be responsible for the Company
network.","- Set up and configure network equipment;
- Set up and offer support for Internet, Mail, user accounts;
- Provide the Intranet and Internet Security and internetworking
solutions;
- Perform the maintenance of the network (addresses, equipment, cables,
gateways, etc.);
- Set up UNIX services according to the global network strategy;
- Provide network supervision (traffic and alarms);
- Install network equipment, both LAN and WAN;
- Report on the activity to the Team Leader.","- Degree in Computer Science or equivalent;
- 2 years of experience in IT domain;
- Knowledge of advanced LAN/ WAN administration (cabling, active
equipment, Internet connection, security), engineering and maintenance,
CISCO routers and switches configuration and administration,
Internetworking in TCP/ IP networks;
- Windows modeling skills;
- Programming skills (scripts);
- Strong analytical and problem-solving skills;
- Organized and creative personality;
- Excellent knowledge of the Armenian, English and Russian languages.","Qualified and interested candidates are
encouraged to send a CV and motivation letter to: hr.oam@... .
Please indicate the title of position in the subject line of email. The
Company thanks all interested applicants, however only short-listed
candidates will be contacted for the interview.
Please clearly mention in your application letter that you learned of
this job opportunity through Career Center and mention the URL of its
website - www.careercenter.am, Thanks."
"Prometey Bank LLC
TITLE:  Teller/ Operator in Yerevan
OPEN TO/ ELIGIBILITY CRITERIA:  All qualified candidates
START DATE/ TIME:  ASAP
DURATION:  Long term
LOCATION:  Yerevan, Armenia
JOB DESCRIPTION:  The incumbent will handle banking transactions,
receive/ pay out money from/ to customers and apply them to the
appropriate accounts. He/ she will keep records of money, answer customer
questions, interact with customers to provide and process information in
response to inquiries, concerns and requests about products and services.
JOB RESPONSIBILITIES:
- Accurately process deposits, withdrawals and payments;
- Record all transaction promptly, accurately and in compliance with bank
procedures;
- Balance currency, cash and checks at the end of each shift;
- Answer inquiries regarding checking and savings accounts and other bank
related products;
- Explain, advice on and promote bank products and services to
customers;
- Manage customer's accounts;
- Process orders, forms, applications and requests;
- Process transactions efficiently and accurately;
- Assist customers with questions or issues regarding their accounts
received via phone and/ or correspondence;
- Perform other duties as assigned.
REQUIRED QUALIFICATIONS:
- Higher university degree; 
- At least 1 year of work experience in a relevant field;
- Strong interpersonal and communication skills;
- High sense of responsibility;
- Knowledge of AS Bank 4.0 software or other bank accounting software;  
- Excellent knowledge of Armenian and Russian languages; knowledge of
English language is a plus.
REMUNERATION/ SALARY:  Competitive
APPLICATION PROCEDURES:  All interested and qualified candidates are
welcome to send their CV in Armenian language to: hr@... or
to: Prometey Bank Head Office at: Hanrapetutyan Str. 44/2, Yerevan, 0010.
Please indicate the position title in the subject field of your message.
Only shortlisted applicants will be invited for the interview.
Please clearly mention in your application letter that you learned of
this job opportunity through Career Center and mention the URL of its
website - www.careercenter.am, Thanks.
OPENING DATE:  28 December 2012
APPLICATION DEADLINE:  20 January 2013
ABOUT COMPANY:  Prometey Bank LLC is one of the commercial banks in
Armenia. For more information about the company, please visit:
www.prometeybank.am.
----------------------------------
To place a free posting for job or other career-related opportunities
available in your organization, just go to the www.careercenter.am
website and follow the ""Post an Announcement"" link.",20 January 2013,Teller/ Operator in Yerevan,"Yerevan, Armenia","The incumbent will handle banking transactions,
receive/ pay out money from/ to customers and apply them to the
appropriate accounts. He/ she will keep records of money, answer customer
questions, interact with customers to provide and process information in
response to inquiries, concerns and requests about products and services.","- Accurately process deposits, withdrawals and payments;
- Record all transaction promptly, accurately and in compliance with bank
procedures;
- Balance currency, cash and checks at the end of each shift;
- Answer inquiries regarding checking and savings accounts and other bank
related products;
- Explain, advice on and promote bank products and services to
customers;
- Manage customer's accounts;
- Process orders, forms, applications and requests;
- Process transactions efficiently and accurately;
- Assist customers with questions or issues regarding their accounts
received via phone and/ or correspondence;
- Perform other duties as assigned.","- Higher university degree; 
- At least 1 year of work experience in a relevant field;
- Strong interpersonal and communication skills;
- High sense of responsibility;
- Knowledge of AS Bank 4.0 software or other bank accounting software;  
- Excellent knowledge of Armenian and Russian languages; knowledge of
English language is a plus.","All interested and qualified candidates are
welcome to send their CV in Armenian language to: hr@... or
to: Prometey Bank Head Office at: Hanrapetutyan Str. 44/2, Yerevan, 0010.
Please indicate the position title in the subject field of your message.
Only shortlisted applicants will be invited for the interview.
Please clearly mention in your application letter that you learned of
this job opportunity through Career Center and mention the URL of its
website - www.careercenter.am, Thanks."
"BetArchitect LLC


TITLE:  IT Administrator for Linux


TERM:  Full-time


START DATE/ TIME:  ASAP


DURATION:  Permanent


LOCATION:  Yerevan, Armenia


JOB DESCRIPTION:  BetArchitect is looking for an experienced IT
Administrator for Linux.


JOB RESPONSIBILITIES:
- Provide and maintain Unix and Linux servers in production and
development environments;
- Troubleshoot complex technical problems related to the infrastructure
and applications;
- Perform architectural design and capacity planning;
- Develop tools for automation, monitoring, and system reporting;
- Work on daily operational tasks and long-term projects with minimum
supervision;
- Participate in an on-call rotation;
- Build and maintain technical relationships across teams;
- Effectively communicate technical proposals to team members and the
management;
- Develop and maintain documentation for standards, processes, policies
and procedures;
- Work within the established configuration and change management
policies to ensure awareness, approval, and the success of changes made
to the infrastructure.


REQUIRED QUALIFICATIONS:
- At least 5 years of experience with Unix/ Linux administration in a
24x7 business critical environment;
- Strong understanding of Unix/ Linux performance tuning and kernel
parameters;
- Detailed knowledge of standard Unix/ Linux services (DNS/ BIND, NTP,
SMTP, POP3(s)/ IMAP(s), LDAP, Postfix, Apache, Jabber/ OpenFire);
- Certifications in RHEL (or other Unix/ Linux mainstream) are a plus;
- Understanding of network and storage principles;
- Experience with configuration management;
- Experience with HP, CISCO, EMC and IBM hardware;
- Experience with virtualization is a plus;
- Working knowledge of the MySQL, PostgreSQL database product;
- Experience with vendor management;
- Demonstrated scripting ability (such as bash, TCL, awk, Perl);
- Strong communication skills and the ability to collaborate closely with
remote team members.


REMUNERATION/ SALARY:  Based on qualifications and the experience.


APPLICATION PROCEDURES:  Interested candidates are asked to send a resume
(CV) in the English or Armenian language to: hr@... . Please
indicate ""IT Administrator for Linux"" in the subject line of email. Only
short-listed candidates will be contacted.
Please clearly mention in your application letter that you learned of
this job opportunity through Career Center and mention the URL of its
website - www.careercenter.am, Thanks.


OPENING DATE:  17 September 2015


APPLICATION DEADLINE:  15 October 2015


ABOUT COMPANY:  BetArchitect is a software development company, which
aims to build various software solutions targeted to specific
international market segments. For more information, please visit:
www.betarchitect.com.


----------------------------------
To place a free posting for job or other career-related opportunities
available in your organization, just go to the www.careercenter.am
website and follow the ""Post an Announcement"" link.",15 October 2015,IT Administrator for Linux,"Yerevan, Armenia","BetArchitect is looking for an experienced IT
Administrator for Linux.","- Provide and maintain Unix and Linux servers in production and
development environments;
- Troubleshoot complex technical problems related to the infrastructure
and applications;
- Perform architectural design and capacity planning;
- Develop tools for automation, monitoring, and system reporting;
- Work on daily operational tasks and long-term projects with minimum
supervision;
- Participate in an on-call rotation;
- Build and maintain technical relationships across teams;
- Effectively communicate technical proposals to team members and the
management;
- Develop and maintain documentation for standards, processes, policies
and procedures;
- Work within the established configuration and change management
policies to ensure awareness, approval, and the success of changes made
to the infrastructure.","- At least 5 years of experience with Unix/ Linux administration in a
24x7 business critical environment;
- Strong understanding of Unix/ Linux performance tuning and kernel
parameters;
- Detailed knowledge of standard Unix/ Linux services (DNS/ BIND, NTP,
SMTP, POP3(s)/ IMAP(s), LDAP, Postfix, Apache, Jabber/ OpenFire);
- Certifications in RHEL (or other Unix/ Linux mainstream) are a plus;
- Understanding of network and storage principles;
- Experience with configuration management;
- Experience with HP, CISCO, EMC and IBM hardware;
- Experience with virtualization is a plus;
- Working knowledge of the MySQL, PostgreSQL database product;
- Experience with vendor management;
- Demonstrated scripting ability (such as bash, TCL, awk, Perl);
- Strong communication skills and the ability to collaborate closely with
remote team members.","Interested candidates are asked to send a resume
(CV) in the English or Armenian language to: hr@... . Please
indicate ""IT Administrator for Linux"" in the subject line of email. Only
short-listed candidates will be contacted.
Please clearly mention in your application letter that you learned of
this job opportunity through Career Center and mention the URL of its
website - www.careercenter.am, Thanks."
"Numetrics Management Systems Inc., Armenian Branch
TITLE:  Field Application Engineer/ Data Analyst
TERM:  Full time
DURATION:  Long term
LOCATION:  Yerevan, Armenia
JOB DESCRIPTION:  Numetrics Armenia is looking for a Field Application
Engineer/ Data Analyst who will be responsible for supporting customers
using the Companys project estimation tools  tools that estimate
staffing requirements and schedules for both semiconductor IC development
projects and embedded software development projects.
JOB RESPONSIBILITIES:
- Assist customers with operating tools, including data entry and
interpreting estimation results;
- Review customer-supplied project data for quality, completeness and
validity;
- Address all customer issues regarding their use of tools;
- Train new customers as required;
- Perform data analysis;
- Use email and phone to engage data providers and improve quality and
completeness of provided project data;
- Use SQL to migrate data between Oracle database and MS Excel for data
analysis;
- Work in a distributed team of professionals; occasional business trips
to customers sites (primarily in Europe); 
- Generate regular progress reports and status reports.
REQUIRED QUALIFICATIONS:
- BS in Electronic Engineering. Masters degree is preferred;
- Very strong working knowledge of IC design process;
- 3+ years of experience in integrated circuit design; 
- Hands on experience in all aspects of chip development process;
proficiency in design tools and methodologies; 
- Experience in embedded software design; familiarity with ESW design
project life cycle, practices and tools;
- Experience in working with distributed teams;
- Good analytical and problem solving skills;
- Excellent verbal and written communication skills (English).
Desired Skills:
- Microsoft Excel and coding in VBA;
- Familiarity with RDBMS and SQL;
- Knowledge of quality management principles.
REMUNERATION/ SALARY:  Competitive/ based on skills, comprehensive
medical insurance package.
APPLICATION PROCEDURES:  Please e-mail your detailed CV in English to:vasilb@... indicating the position title in the subject line of
your e-mail.
Please clearly mention in your application letter that you learned of
this job opportunity through Career Center and mention the URL of its
website - www.careercenter.am, Thanks.
OPENING DATE:  02 September 2010
APPLICATION DEADLINE:  01 October 2010
ABOUT COMPANY:  Numetrics provides a suite of enterprise resource
planning (ERP) software to semiconductor companies. For more information,
please visit http://www.numetrics.com
----------------------------------
To place a free posting for job or other career-related opportunities
available in your organization, just go to the www.careercenter.am
website and follow the ""Post an Announcement"" link.",01 October 2010,Field Application Engineer/ Data Analyst,"Yerevan, Armenia","Numetrics Armenia is looking for a Field Application
Engineer/ Data Analyst who will be responsible for supporting customers
using the Companys project estimation tools  tools that estimate
staffing requirements and schedules for both semiconductor IC development
projects and embedded software development projects.","- Assist customers with operating tools, including data entry and
interpreting estimation results;
- Review customer-supplied project data for quality, completeness and
validity;
- Address all customer issues regarding their use of tools;
- Train new customers as required;
- Perform data analysis;
- Use email and phone to engage data providers and improve quality and
completeness of provided project data;
- Use SQL to migrate data between Oracle database and MS Excel for data
analysis;
- Work in a distributed team of professionals; occasional business trips
to customers sites (primarily in Europe); 
- Generate regular progress reports and status reports.","- BS in Electronic Engineering. Masters degree is preferred;
- Very strong working knowledge of IC design process;
- 3+ years of experience in integrated circuit design; 
- Hands on experience in all aspects of chip development process;
proficiency in design tools and methodologies; 
- Experience in embedded software design; familiarity with ESW design
project life cycle, practices and tools;
- Experience in working with distributed teams;
- Good analytical and problem solving skills;
- Excellent verbal and written communication skills (English).
Desired Skills:
- Microsoft Excel and coding in VBA;
- Familiarity with RDBMS and SQL;
- Knowledge of quality management principles.","Please e-mail your detailed CV in English to:vasilb@... indicating the position title in the subject line of
your e-mail.
Please clearly mention in your application letter that you learned of
this job opportunity through Career Center and mention the URL of its
website - www.careercenter.am, Thanks."
"FINCA UCO CJSC
TITLE:  Internal Control Specialist
LOCATION:  Yerevan, Armenia
JOB DESCRIPTION:  The job is based in Yerevan with travel to the regions.
JOB RESPONSIBILITIES:
- Verify the accuracy and completeness of the loan documentation,
follow-up on missing item and report all findings to ICM;
- Complete other control activities as assigned by ICM in accordance with
work plan;
- In accordance with monthly work plan, substantiate a minimum of 10% of
the loans disbursed in the prior month. Loan selection process will be
clearly communicated by ICM and through the policy manual;
- Verify compliance with FINCA credit manual policies by monitoring
activities related to loan portfolio monitoring, repayments and other
routine lending activities as directed by ICM;
- Submit weekly reports to ICM that includes all observations from the
week and any issues or topics that need the ICMs attention;
- Submit monthly reports to ICM that summarizes activities and
observations and compares actual tasks performed with the work plan for
that month;
- As necessary, immediately report all suspicious activities (both
internal and external), instances of staff attempting to influence
Inspectors work, information of inappropriate use of FINCA resources or
any other critical situation that endangers the Company or its
employees;
- Conduct supervision of fulfillment of policies and procedures of
FINCA/Armenia in compliance with current memorandums, orders, etc.;
- Perform control over the office security during the working hours and
after hours according to the plan;
- Conduct special investigations on the inquiries of Management Board;
- Organize reports systematic storage, in accordance to the Companies
requirements;
- Keep track of recommendations fulfillment.
REQUIRED QUALIFICATIONS:
- University degree in economics, finance or related areas;
- Proficiency in Armenian and Russian languages; English is desirable;
- Confident PC user;
- Analytical skills;
- Ability to work in groups, integrity, flexibility and strong
organizational skills.
APPLICATION PROCEDURES:  If you meet the requirements above and are
confident that your background and experience qualifies you for the
position, please e-mail your detailed CV and a motivation cover letter to
FINCA at: hr@... mentioning the position you are applying for in the
subject line of your email.
The company will start the selection process as soon as sufficient number
of qualified applications is received. Therefore, early applications are
welcomed. Only short-listed candidates will be contacted.
Please clearly mention in your application letter that you learned of
this job opportunity through Career Center and mention the URL of its
website - www.careercenter.am, Thanks.
OPENING DATE:  01 July 2010
APPLICATION DEADLINE:  15 July 2010
ABOUT COMPANY:  FINCA Universal Credit Organization closed joint stock
company (FINCA UCO) is established and licensed credit organization
founded by FINCA International, Inc., a U.S. non-profit organization
whose mission is to provide financial services to the world's
lowest-income entrepreneurs so they can create jobs, build assets, and
improve their standard of living.
----------------------------------
To place a free posting for job or other career-related opportunities
available in your organization, just go to the www.careercenter.am
website and follow the ""Post an Announcement"" link.",15 July 2010,Internal Control Specialist,"Yerevan, Armenia",The job is based in Yerevan with travel to the regions.,"- Verify the accuracy and completeness of the loan documentation,
follow-up on missing item and report all findings to ICM;
- Complete other control activities as assigned by ICM in accordance with
work plan;
- In accordance with monthly work plan, substantiate a minimum of 10% of
the loans disbursed in the prior month. Loan selection process will be
clearly communicated by ICM and through the policy manual;
- Verify compliance with FINCA credit manual policies by monitoring
activities related to loan portfolio monitoring, repayments and other
routine lending activities as directed by ICM;
- Submit weekly reports to ICM that includes all observations from the
week and any issues or topics that need the ICMs attention;
- Submit monthly reports to ICM that summarizes activities and
observations and compares actual tasks performed with the work plan for
that month;
- As necessary, immediately report all suspicious activities (both
internal and external), instances of staff attempting to influence
Inspectors work, information of inappropriate use of FINCA resources or
any other critical situation that endangers the Company or its
employees;
- Conduct supervision of fulfillment of policies and procedures of
FINCA/Armenia in compliance with current memorandums, orders, etc.;
- Perform control over the office security during the working hours and
after hours according to the plan;
- Conduct special investigations on the inquiries of Management Board;
- Organize reports systematic storage, in accordance to the Companies
requirements;
- Keep track of recommendations fulfillment.","- University degree in economics, finance or related areas;
- Proficiency in Armenian and Russian languages; English is desirable;
- Confident PC user;
- Analytical skills;
- Ability to work in groups, integrity, flexibility and strong
organizational skills.","If you meet the requirements above and are
confident that your background and experience qualifies you for the
position, please e-mail your detailed CV and a motivation cover letter to
FINCA at: hr@... mentioning the position you are applying for in the
subject line of your email.
The company will start the selection process as soon as sufficient number
of qualified applications is received. Therefore, early applications are
welcomed. Only short-listed candidates will be contacted.
Please clearly mention in your application letter that you learned of
this job opportunity through Career Center and mention the URL of its
website - www.careercenter.am, Thanks."
"SAS Group LLC
TITLE:  Deputy Financial Director
TERM:  Full time
LOCATION:  Yerevan, Armenia
JOB DESCRIPTION:  SAS Group is seeking a Deputy Financial Director to
manage financial resources and conduct resource planning for future
needs, to work upon tasks such as strategic planning for the ongoing year
and also perform analytical work.
JOB RESPONSIBILITIES:
- Prepare annual budget, monthly forecast and other financial reports;
- Define and analyze key areas of the operations;
- Enhance financial (ratio) analysis and reporting;
- Provide financial advice and guidance to senior management;
- Contribute to strategic planning and development as member of
management team;
- Support monthly financial statements;
- Develop cost reduction and cost management initiatives.
REQUIRED QUALIFICATIONS:
- Master's degree in Finance or Accounting. ACCA is a plus;
- 5+ years of progressive accounting/Finance experience, including strong
operating unit experience;
- Exceptional analytical and financial analysis skills with passion for
details;
- Strong computer aptitude and proficiency, including expert Excel, 1C
skills;
- Ability to manage multiple projects simultaneously with superior
attention to details;
- Ability to organize and work with large amounts of complex information,
managing multiple project priorities;
- Outgoing personality and ability to establish rapport;
- Exceptional communication skills.
REMUNERATION/ SALARY:  Highly competitive base salary plus bonus (ESOP).
APPLICATION PROCEDURES:  Interested candidates are encouraged to submit a
CV to: syuzanna.engibaryan@... mentioning ""Deputy financial
director"" in the subject line. Applications privacy and confidentiality
are guaranteed.
Please clearly mention in your application letter that you learned of
this job opportunity through Career Center and mention the URL of its
website - www.careercenter.am, Thanks.
OPENING DATE:  14 October 2011
APPLICATION DEADLINE:  04 November 2011
ADDITIONAL NOTES:  The company will provide the employee with social
package (medical insurance, free of charge telephone, etc.).
----------------------------------
To place a free posting for job or other career-related opportunities
available in your organization, just go to the www.careercenter.am
website and follow the ""Post an Announcement"" link.",04 November 2011,Deputy Financial Director,"Yerevan, Armenia","SAS Group is seeking a Deputy Financial Director to
manage financial resources and conduct resource planning for future
needs, to work upon tasks such as strategic planning for the ongoing year
and also perform analytical work.","- Prepare annual budget, monthly forecast and other financial reports;
- Define and analyze key areas of the operations;
- Enhance financial (ratio) analysis and reporting;
- Provide financial advice and guidance to senior management;
- Contribute to strategic planning and development as member of
management team;
- Support monthly financial statements;
- Develop cost reduction and cost management initiatives.","- Master's degree in Finance or Accounting. ACCA is a plus;
- 5+ years of progressive accounting/Finance experience, including strong
operating unit experience;
- Exceptional analytical and financial analysis skills with passion for
details;
- Strong computer aptitude and proficiency, including expert Excel, 1C
skills;
- Ability to manage multiple projects simultaneously with superior
attention to details;
- Ability to organize and work with large amounts of complex information,
managing multiple project priorities;
- Outgoing personality and ability to establish rapport;
- Exceptional communication skills.","Interested candidates are encouraged to submit a
CV to: syuzanna.engibaryan@... mentioning ""Deputy financial
director"" in the subject line. Applications privacy and confidentiality
are guaranteed.
Please clearly mention in your application letter that you learned of
this job opportunity through Career Center and mention the URL of its
website - www.careercenter.am, Thanks."
"""Aregak"" Universal Credit Organization CJSC
TITLE:  Accountant, Lori Region
OPEN TO/ ELIGIBILITY CRITERIA:  All interested candidates
START DATE/ TIME:  ASAP
LOCATION:  Alaverdi,  Armenia
JOB DESCRIPTION:  Aregak UCO is looking for a qualified Accountant for
its Alaverdi and Noyemberyan branches. He/ she will implement the
accounting of the two branches.
JOB RESPONSIBILITIES:
- Maintain the source documents in the branch offices in compliance with
the RA legislation in force;
- Maintain the paper-based and electronic accounting records on economic
transactions as per source documents;
- Prepare and submit accounting, financial and tax reports in an accurate
and timely manner;
- Submit financial, operational and other reports in compliance with the
RA legislation in force;
- Perform cash advance transactions through branch offices;
- Perform bank transactions through branch offices;
- Maintain accounting records on fixed assets and stock;
- Adhere to professional ethics.
REQUIRED QUALIFICATIONS:
- 2 years of professional work experience in case of higher professional
education (corresponding  working experience in the financial-banking
sphere is a plus);
- 3 years of professional work experience in case of higher
non-professional education (corresponding  working experience in the
financial-banking sphere is a plus);
- Experience and good skills in working with cash money; ability to count
money fast and accurately;
- Good organizational, negotiation and communication skills;
- Ability to work under time pressure;
- Ability to work independently and as a part of team;
- Knowledge of legal acts regulating the activities of credit
organizations;
- Knowledge of tax legislation;
- Excellent skills in Excel and Word;
- Knowledge in ArmSoft Bank 4.0 is a plus;
- Good skills in working through the Internet;
- Certificate on key professional qualification issued by the Central
Bank is preferable.
APPLICATION PROCEDURES:  Interested candidates are asked to submit a
detailed CV (Resume), indicating the position title in the subject line
of the e-mail. All interested and qualified candidates are welcome to
apply to Aregak UCO CJSC Vanadzor branch at: 1a/d Khorenacu str.
Vanadzor, Lori, RA or via e-mail to: vacancy@... . Only shortlisted
candidates will be interviewed.
Please clearly mention in your application letter that you learned of
this job opportunity through Career Center and mention the URL of its
website - www.careercenter.am, Thanks.
OPENING DATE:  31 October 2013
APPLICATION DEADLINE:  14 November 2013
ABOUT COMPANY:  ""Aregak"" Universal Credit Organization CJSC has started
its activity as a microcredit program of United Methodist Committee
(UMCOR) in 1997 and in 2006 was registered as a Universal Credit
Organization. Aregak is providing financial services in all the regions
of the Republic of Armenia and Nagorno Karabakh. The head office of the
organization is located in Yerevan. More details about Aregak UCO CJSC
can be found at: www.aregak.am .
----------------------------------
To place a free posting for job or other career-related opportunities
available in your organization, just go to the www.careercenter.am
website and follow the ""Post an Announcement"" link.",14 November 2013,"Accountant, Lori Region","Alaverdi,  Armenia","Aregak UCO is looking for a qualified Accountant for
its Alaverdi and Noyemberyan branches. He/ she will implement the
accounting of the two branches.","- Maintain the source documents in the branch offices in compliance with
the RA legislation in force;
- Maintain the paper-based and electronic accounting records on economic
transactions as per source documents;
- Prepare and submit accounting, financial and tax reports in an accurate
and timely manner;
- Submit financial, operational and other reports in compliance with the
RA legislation in force;
- Perform cash advance transactions through branch offices;
- Perform bank transactions through branch offices;
- Maintain accounting records on fixed assets and stock;
- Adhere to professional ethics.","- 2 years of professional work experience in case of higher professional
education (corresponding  working experience in the financial-banking
sphere is a plus);
- 3 years of professional work experience in case of higher
non-professional education (corresponding  working experience in the
financial-banking sphere is a plus);
- Experience and good skills in working with cash money; ability to count
money fast and accurately;
- Good organizational, negotiation and communication skills;
- Ability to work under time pressure;
- Ability to work independently and as a part of team;
- Knowledge of legal acts regulating the activities of credit
organizations;
- Knowledge of tax legislation;
- Excellent skills in Excel and Word;
- Knowledge in ArmSoft Bank 4.0 is a plus;
- Good skills in working through the Internet;
- Certificate on key professional qualification issued by the Central
Bank is preferable.","Interested candidates are asked to submit a
detailed CV (Resume), indicating the position title in the subject line
of the e-mail. All interested and qualified candidates are welcome to
apply to Aregak UCO CJSC Vanadzor branch at: 1a/d Khorenacu str.
Vanadzor, Lori, RA or via e-mail to: vacancy@... . Only shortlisted
candidates will be interviewed.
Please clearly mention in your application letter that you learned of
this job opportunity through Career Center and mention the URL of its
website - www.careercenter.am, Thanks."
"Accept Employment Center
TITLE:  Check Administrator
TERM:  Full time (with flexible schedule)
START DATE/ TIME:  ASAP
DURATION:  Long term
LOCATION:  Yerevan, Armenia
JOB DESCRIPTION:  Accept Employment Agency is seeking candidates to
fulfill the position of Check Administrator.
JOB RESPONSIBILITIES:
- Daily verification of functionality for e-shops and portals; 
- Report about bugs/errors found during the testing;
- Sort and categorize (shop) data to match Pangora standards;
- Other related duties as assigned.
REQUIRED QUALIFICATIONS:
- Fluency in Italian and English languages. Basic German language
skills;
- Excellent communication skills;
- Team player.
APPLICATION PROCEDURES:  To apply, please send your CV to:accept@.... Tel: (374 10) 58-49-45; 53-62-80.
Please clearly mention in your application letter that you learned of
this job opportunity through Career Center and mention the URL of its
website - www.careercenter.am, Thanks.
OPENING DATE:  19 June  2007
APPLICATION DEADLINE:  01 July 2007
ABOUT COMPANY:  For information about the company, please visit its
website: www.acceptagency.com.
----------------------------------
To place a free posting for job or other career-related opportunities
available in your organization, just go to the www.careercenter.am
website and follow the ""Post an Announcement"" link.",01 July 2007,Check Administrator,"Yerevan, Armenia","Accept Employment Agency is seeking candidates to
fulfill the position of Check Administrator.","- Daily verification of functionality for e-shops and portals; 
- Report about bugs/errors found during the testing;
- Sort and categorize (shop) data to match Pangora standards;
- Other related duties as assigned.","- Fluency in Italian and English languages. Basic German language
skills;
- Excellent communication skills;
- Team player.","To apply, please send your CV to:accept@.... Tel: (374 10) 58-49-45; 53-62-80.
Please clearly mention in your application letter that you learned of
this job opportunity through Career Center and mention the URL of its
website - www.careercenter.am, Thanks."
"Synergy International Systems, Inc./Armenia
TITLE:  Advanced .Net Developer
DURATION:  Long-term
LOCATION:  Yerevan, Armenia
JOB DESCRIPTION:  Synergy International Systems, Inc./Armenia seeks to
fill the position of Advanced .Net Developer. The responsibilities of
this position are focused on core software development tasks in Synergy
International Systems, Inc.
JOB RESPONSIBILITIES:
- Translate design requirements and specifications into robust
implementations;
- Design, proto-type, develop and manage the technical aspects of the
software; 
- Perform the assigned tasks in the precise and timely manner; 
- Perform quality assurance tasks, such as testing of the software
products (developers testing);
- Document the software products that will be produced.
REQUIRED QUALIFICATIONS:
- Proven history of producing quality software product in a commercial
setting with experience in all aspects of the software development
process, including design, implementation, testing and delivery; 
- Experience in software architecting and design;
- Strong object oriented development experience;
- 5 years of succesfull experience in JAVA programing, 3 years of
experience in .Net framework programming;
- Experience in developing database driven ASP.NET web applications;
- Experience with Microsoft SQL;
- Experience in a dynamic workplace with solid software developing
practice.
APPLICATION PROCEDURES:  If interested, please send your resume with a
cover letter listing your qualifications, software development related
experience, and indicating your contact details (phone, fax, and/or
e-mail address where you can be reached) to:
Ms. Anahit Sargsyan
Office Manager
E-mail: mail@... or mailarm@...
Phone: (374 10) 56 76 81.
Candidates who meet these qualifications will be interviewed and will be
required to take a test. Selected candidates will be notified of the
interview dates directly.
Please note that initial consideration will be given to the applications
received prior to the date indicated above. Thereafter, applications will
be reviewed on an as-needed basis.
Please clearly mention in your application letter that you learned of
this job opportunity through Career Center and mention the URL of its
website - www.careercenter.am, Thanks.
OPENING DATE:  05 February 2007
APPLICATION DEADLINE:  15 February 2007, 5:00 p.m.
ABOUT COMPANY:  Synergy International Systems, Inc. is a U.S. software
company, operating in Armenia through its Yerevan subsidiary and
specializing in the development of integrated Web Portal, Web Databases
and Web Services systems.
----------------------------------
To place a free posting for job or other career-related opportunities
available in your organization, just go to the www.careercenter.am
website and follow the ""Post an Announcement"" link.","15 February 2007, 5:00 p.m.",Advanced .Net Developer,"Yerevan, Armenia","Synergy International Systems, Inc./Armenia seeks to
fill the position of Advanced .Net Developer. The responsibilities of
this position are focused on core software development tasks in Synergy
International Systems, Inc.","- Translate design requirements and specifications into robust
implementations;
- Design, proto-type, develop and manage the technical aspects of the
software; 
- Perform the assigned tasks in the precise and timely manner; 
- Perform quality assurance tasks, such as testing of the software
products (developers testing);
- Document the software products that will be produced.","- Proven history of producing quality software product in a commercial
setting with experience in all aspects of the software development
process, including design, implementation, testing and delivery; 
- Experience in software architecting and design;
- Strong object oriented development experience;
- 5 years of succesfull experience in JAVA programing, 3 years of
experience in .Net framework programming;
- Experience in developing database driven ASP.NET web applications;
- Experience with Microsoft SQL;
- Experience in a dynamic workplace with solid software developing
practice.","If interested, please send your resume with a
cover letter listing your qualifications, software development related
experience, and indicating your contact details (phone, fax, and/or
e-mail address where you can be reached) to:
Ms. Anahit Sargsyan
Office Manager
E-mail: mail@... or mailarm@...
Phone: (374 10) 56 76 81.
Candidates who meet these qualifications will be interviewed and will be
required to take a test. Selected candidates will be notified of the
interview dates directly.
Please note that initial consideration will be given to the applications
received prior to the date indicated above. Thereafter, applications will
be reviewed on an as-needed basis.
Please clearly mention in your application letter that you learned of
this job opportunity through Career Center and mention the URL of its
website - www.careercenter.am, Thanks."
"Agarak Copper Molybdenum Combine CJSC
TITLE:  Administrative Assistant
TERM:  Full time
DURATION:  Long term with 3 month probation period.
LOCATION:  Yerevan, Armenia
JOB DESCRIPTION:  Agarak Copper Molybdenum Combine CJSC is looking for an
Administrative Assistant for organization and supervision all of the
administrative activities that facilitate the smooth running of an
office.
JOB RESPONSIBILITIES:
- Perform full range of receptionist duties for the office; 
- Prepare documents, such as letters, presentations and reports;
- Receive/ make phone calls and send/ receive faxes inside and out of
Armenia;
- Translate administrative documents, contracts and correspondence;
- Organize meetings;
- Control correspondences;
- Prepare time sheet.
REQUIRED QUALIFICATIONS:
- University degree;
- Minimum 3 years of work experience in a similar position; 
- Good knowledge of Microsoft Office tools (Excel, Word, E-mail and
Internet);
- Fluent knowledge of Armenian, Russian and English languages;
- Good communication (both oral and written) and presentation skills.
APPLICATION PROCEDURES:  To apply for this position, please send your CV
to: a.mirzoyan@... . Please mention ""Administrative
Assistant"" in the subject line of your message.
Please clearly mention in your application letter that you learned of
this job opportunity through Career Center and mention the URL of its
website - www.careercenter.am, Thanks.
OPENING DATE:  12 August 2010
APPLICATION DEADLINE:  31 August 2010
----------------------------------
To place a free posting for job or other career-related opportunities
available in your organization, just go to the www.careercenter.am
website and follow the ""Post an Announcement"" link.",31 August 2010,Administrative Assistant,"Yerevan, Armenia","Agarak Copper Molybdenum Combine CJSC is looking for an
Administrative Assistant for organization and supervision all of the
administrative activities that facilitate the smooth running of an
office.","- Perform full range of receptionist duties for the office; 
- Prepare documents, such as letters, presentations and reports;
- Receive/ make phone calls and send/ receive faxes inside and out of
Armenia;
- Translate administrative documents, contracts and correspondence;
- Organize meetings;
- Control correspondences;
- Prepare time sheet.","- University degree;
- Minimum 3 years of work experience in a similar position; 
- Good knowledge of Microsoft Office tools (Excel, Word, E-mail and
Internet);
- Fluent knowledge of Armenian, Russian and English languages;
- Good communication (both oral and written) and presentation skills.","To apply for this position, please send your CV
to: a.mirzoyan@... . Please mention ""Administrative
Assistant"" in the subject line of your message.
Please clearly mention in your application letter that you learned of
this job opportunity through Career Center and mention the URL of its
website - www.careercenter.am, Thanks."
